Dress_ID,Style,Price,Rating,Size,Season,NeckLine,SleeveLength,Material,FabricType,Decoration,Pattern Type,Recommendation
1006032852,Sexy,Low,4.6,M,Summer,o-neck,sleevless,null,chiffon,ruffles,animal,1
1212192089,Casual,Low,0,L,Summer,o-neck,Petal,microfiber,null,ruffles,animal,0
1190380701,vintage,High,0,L,Automn,o-neck,full,polyster,null,null,print,0
966005983,Brief,Average,4.6,L,Spring,o-neck,full,silk,chiffon,embroidary,print,1
876339541,cute,Low,4.5,M,Summer,o-neck,butterfly,chiffonfabric,chiffon,bow,dot,0
1068332458,bohemian,Low,0,M,Summer,v-neck,sleevless,null,null,null,print,0
1220707172,Casual,Average,0,XL,Summer,o-neck,full,cotton,null,null,solid,0
1113094204,Flare,Average,0,free,Spring,v-neck,short,cotton,broadcloth,beading,solid,1
985292672,bohemian,Low,0,free,Summer,v-neck,sleevless,nylon,chiffon,null,null,1
1117293701,party,Average,5,free,Summer,o-neck,full,polyster,broadcloth,lace,solid,0
898481530,Flare,Average,0,free,Spring,v-neck,short,nylon,null,null,animal,0
957723897,sexy,Low,4.7,M,Winter,o-neck,threequarter,null,chiffon,lace,print,1
749031896,vintage,Average,4.8,M,Summer,o-neck,short,cotton,jersey,null,animal,1
1055411544,Casual,Low,5,M,Summer,boat-neck,short,cotton,null,sashes,solid,0
1162628131,Casual,Low,0,free,Winter,boat-neck,full,other,other,lace,null,0
624314841,cute,Average,4.7,L,spring,o-neck,short,cotton,null,sashes,solid,1
830467746,bohemian,Medium,5,free,Automn,o-neck,full,null,null,hollowout,patchwork,1
840857118,Brief,Average,0,M,Winter,peterpan-collor,threequarter,cotton,null,null,patchwork,0
1113221101,Sexy,Average,5,M,Automn,o-neck,sleevless,milksilk,null,null,null,1
861754372,Sexy,Average,4.5,L,Automn,o-neck,full,cotton,null,beading,solid,0
856178100,Casual,Low,4.3,M,Summer,o-neck,sleevless,null,chiffon,null,solid,0
1122989777,Brief,Low,4,XL,Summer,v-neck,short,cotton,null,pockets,solid,0
840516484,Sexy,Average,4.7,S,Summer,v-neck,sleevless,cotton,null,sequined,solid,1
768517084,Sexy,Average,0,free,Automn,v-neck,sleevless,polyster,null,lace,patchwork,0
1139843344,Sexy,Average,0,M,Automn,o-neck,sleevless,cotton,broadcloth,null,print,0
1004212992,Sexy,Average,4.7,M,Spring,o-neck,sleevless,null,null,null,solid,1
1235426503,Casual,Low,0,L,Summer,o-neck,sleevless,cotton,jersey,null,print,0
942808364,cute,Low,4.3,free,Automn,o-neck,sleevless,polyster,chiffon,sashes,striped,0
629131530,cute,Low,4.7,M,Spring,ruffled,short,chiffonfabric,chiffon,bow,dot,1
851945460,Casual,Average,4.6,L,Automn,o-neck,sleevless,polyster,chiffon,ruffles,solid,0
1150275464,Casual,Low,0,M,Spring,o-neck,sleevless,silk,chiffon,applique,solid,1
1026634314,Casual,Average,4.4,L,Automn,o-neck,sleevless,linen,chiffon,ruffles,animal,0
978773911,Brief,Average,4.3,L,Spring,o-neck,sleevless,null,null,bow,solid,1
827791337,party,High,4.7,M,Spring,o-neck,threequarter,null,null,null,print,0
640823350,Casual,Low,4.6,free,Winter,boat-neck,full,cotton,null,null,patchwork,1
801861988,vintage,Average,4.6,free,Winter,o-neck,full,null,chiffon,null,print,1
1060207186,Brief,Average,0,M,Automn,o-neck,short,cotton,null,null,print,0
1054679816,party,Average,4.6,M,Winter,o-neck,sleevless,cotton,null,lace,solid,1
941190190,Casual,Average,4.5,M,Spring,v-neck,short,cotton,null,button,solid,1
943844640,Brief,Average,5,free,Spring,v-neck,sleevless,cotton,broadcloth,lace,solid,1
661795386,Brief,Low,4.4,L,Automn,o-neck,halfsleeve,rayon,chiffon,sashes,solid,0
875312593,Casual,Average,4.8,M,Winter,o-neck,short,lycra,broadcloth,applique,patchwork,0
971387676,Casual,Low,4.8,free,Spring,o-neck,sleevless,cotton,null,null,print,0
1021185637,vintage,Average,4.8,M,Winter,o-neck,sleevless,cotton,null,null,patchwork,1
1163826114,Sexy,Average,0,M,Winter,o-neck,short,null,null,lace,solid,0
735635595,Sexy,Average,4.8,L,Spring,v-neck,threequarter,polyster,null,lace,geometric,0
1175184188,Casual,Average,0,M,Summer,o-neck,halfsleeve,cotton,chiffon,ruffles,dot,1
679415939,Casual,Low,4.7,M,Summer,o-neck,sleevless,milksilk,null,null,solid,0
884147971,Casual,Medium,0,L,Winter,boat-neck,full,null,null,null,solid,1
841203385,Sexy,Low,5,free,Summer,v-neck,sleevless,null,chiffon,null,animal,1
1117997056,Casual,Low,4.3,free,Summer,o-neck,sleevless,milksilk,null,null,animal,0
1160536550,Casual,Average,0,L,Spring,o-neck,halfsleeve,polyster,chiffon,hollowout,solid,1
828623528,Casual,Average,4.6,free,Automn,o-neck,sleevless,polyster,chiffon,sashes,solid,1
763708514,sexy,Average,4.5,M,Spring,o-neck,threequarter,polyster,null,lace,geometric,0
1153442065,Novelty,Average,0,S,Winter,turndowncollor,full,cotton,null,null,patchwork,0
743729613,Casual,Average,4.9,S,Winter,turndowncollor,full,cotton,null,null,solid,1
1000493051,sexy,Low,4.6,L,Automn,o-neck,sleevless,null,null,lace,solid,1
911085061,bohemian,Low,4.5,M,Summer,v-neck,sleevless,polyster,null,null,print,1
1174854264,work,Average,0,M,Automn,slash-neck,sleevless,polyster,null,bow,patchwork,0
1053296757,cute,High,0,M,Spring,v-neck,full,rayon,null,null,solid,1
1033843327,Casual,Average,0,free,Spring,o-neck,short,cotton,null,hollowout,plaid,0
1083779666,Casual,Average,5,M,Summer,o-neck,short,polyster,chiffon,null,animal,0
746255172,Casual,Average,4.7,M,spring,o-neck,sleevless,null,chiffon,sashes,solid,0
1100974555,Sexy,Low,4,S,Automn,o-neck,sleevless,cotton,null,null,solid,1
1019134411,Casual,Average,5,M,Automn,v-neck,short,cotton,broadcloth,beading,solid,0
1072477320,Casual,Low,0,free,Summer,v-neck,halfsleeve,silk,broadcloth,applique,solid,0
638423913,Casual,Medium,4.5,S,Winter,o-neck,full,polyster,null,null,patchwork,1
936425780,work,Average,4.8,L,Summer,v-neck,short,polyster,null,hollowout,solid,0
1146088956,Casual,Medium,0,M,Automn,v-neck,short,polyster,null,null,solid,0
864253055,bohemian,Average,5,free,Summer,v-neck,sleevless,cotton,batik,null,print,1
1210582154,sexy,Low,0,M,Spring,v-neck,short,polyster,satin,ruffles,solid,1
926480831,Sexy,Average,4.2,M,Winter,v-neck,sleevless,cotton,flannael,null,solid,0
757260823,Casual,Low,4.8,free,Spring,o-neck,full,cotton,worsted,lace,solid,0
630561922,Casual,Low,4.4,S,Automn,o-neck,sleevless,polyster,null,null,solid,0
734061929,Casual,Low,4.7,L,Spring,o-neck,short,chiffonfabric,chiffon,bow,dot,0
842060995,Casual,Average,5,XL,Winter,boat-neck,full,cotton,null,null,geometric,1
1078431253,Casual,Low,0,free,Spring,v-neck,sleevless,cotton,null,null,print,0
939770391,Casual,Average,0,free,Spring,o-neck,sleevless,null,chiffon,null,solid,0
943188872,bohemian,very-high,4.7,free,Winter,v-neck,sleevless,polyster,null,null,null,1
1130994272,Casual,Low,5,M,Summer,v-neck,sleevless,polyster,chiffon,ruffles,animal,0
907117649,party,Average,4.7,M,Spring,v-neck,sleevless,polyster,chiffon,hollowout,solid,0
967999477,Sexy,Low,5,free,Spring,o-neck,full,cotton,worsted,null,striped,0
944656411,vintage,Low,4.6,M,Summer,o-neck,short,null,chiffon,null,print,0
1096779299,Casual,Average,0,free,Winter,o-neck,halfsleeve,polyster,chiffon,hollowout,solid,0
1036333255,Casual,Low,4.9,L,Summer,boat-neck,short,null,chiffon,null,patchwork,1
1065316076,Casual,Low,0,S,Automn,o-neck,full,null,null,beading,solid,1
995802744,Sexy,Average,4,S,Automn,v-neck,sleevless,rayon,chiffon,null,patchwork,1
1018110870,Sexy,Low,5,M,Automn,o-neck,full,null,chiffon,lace,print,1
850586379,Brief,Average,4.6,M,Winter,peterpan-collor,threequarter,cotton,null,null,solid,0
1169895668,Casual,Average,0,L,Spring,boat-neck,sleevless,cotton,null,applique,patchwork,1
688966772,Casual,Average,4.8,L,Winter,o-neck,short,cotton,null,pockets,solid,1
1194626925,OL,Medium,0,M,Winter,mandarin-collor,halfsleeve,cotton,null,sashes,solid,0
876708804,Sexy,Low,4.8,M,Spring,o-neck,halfsleeve,silk,null,null,solid,0
1118628066,Casual,Medium,0,S,Spring,v-neck,full,null,null,null,animal,1
1027818824,Casual,Medium,0,M,Spring,v-neck,threequarter,silk,chiffon,ruffles,solid,1
891103323,Casual,Average,0,M,Spring,o-neck,sleevless,silk,null,null,print,0
1166855026,Casual,Average,0,free,Winter,v-neck,full,null,chiffon,ruffles,print,0
1023850025,vintage,Low,4.8,S,Summer,o-neck,short,null,chiffon,ruffles,print,0
805438829,Sexy,Low,4.8,L,Summer,v-neck,full,cotton,jersey,applique,print,1
836788720,fashion,Average,4,free,Summer,open,full,cotton,null,sequined,solid,0
835787654,Casual,Average,4.7,L,Summer,v-neck,short,null,null,null,print,1
1148457078,Casual,Low,0,free,Winter,o-neck,halfsleeve,polyster,worsted,null,patchwork,1
887476609,bohemian,Low,4.8,free,Summer,o-neck,short,null,null,null,animal,1
535968075,work,Medium,4.6,L,Winter,sqare-collor,short,cotton,null,Tiered,solid,0
892801580,vintage,Average,4.7,L,Summer,o-neck,short,cotton,null,button,solid,0
732650169,cute,Low,4.7,M,Spring,o-neck,short,polyster,chiffon,ruffles,dot,1
680070369,Casual,Low,4.6,free,Automn,o-neck,full,cotton,null,null,solid,1
1002440915,Casual,Medium,0,free,Spring,o-neck,sleevless,cotton,broadcloth,sequined,solid,1
737538048,Casual,Average,4.7,L,Automn,o-neck,halfsleeve,null,null,lace,null,0
1104450248,Sexy,Average,0,L,Automn,v-neck,sleevless,null,chiffon,null,patchwork,0
797673346,Casual,Low,4.7,free,Winter,o-neck,sleevless,cotton,jersey,null,solid,1
1039982741,Casual,Average,0,M,Automn,o-neck,short,polyster,null,applique,print,0
829087315,cute,Average,4.8,L,Automn,slash-neck,sleevless,null,chiffon,hollowout,solid,0
1032990258,party,Average,5,M,Spring,o-neck,halfsleeve,null,null,null,null,1
939422280,cute,Average,4.3,L,Winter,o-neck,sleevless,null,chiffon,null,solid,0
974746803,Casual,Average,4.5,L,Spring,o-neck,short,cotton,chiffon,null,patchwork,0
1018130478,Casual,Low,4.7,L,Automn,o-neck,full,cotton,chiffon,lace,print,0
956758119,Casual,Low,4.5,free,Automn,v-neck,short,silk,worsted,lace,solid,0
903426442,sexy,Average,3.6,L,Winter,v-neck,full,polyster,woolen,beading,solid,1
861626197,work,Average,4.8,L,Winter,v-neck,short,mix,broadcloth,lace,solid,0
1077015977,vintage,Average,0,free,Summer,o-neck,sleevless,null,null,null,null,0
817870237,Sexy,Low,4.6,free,Spring,o-neck,full,null,null,lace,leopard,1
1078996836,Sexy,Low,0,free,Winter,v-neck,sleevless,cotton,chiffon,null,solid,1
881530990,work,Average,4.6,L,Spring,o-neck,short,cotton,jersey,null,patchwork,0
937046375,Casual,Average,4.4,M,Summer,o-neck,short,null,null,lace,patchwork,0
893330898,Sexy,Low,4.6,free,Summer,v-neck,sleevless,cotton,broadcloth,beading,solid,0
822053936,party,Average,4.4,free,Automn,v-neck,threequarter,null,null,null,solid,0
1059959935,Casual,Average,0,free,Spring,o-neck,short,cotton,null,lace,null,1
1197204708,Casual,Low,0,M,Summer,v-neck,full,acrylic,null,lace,solid,0
713439584,Sexy,Average,4.6,M,Winter,o-neck,full,polyster,null,null,patchwork,1
732736124,work,Average,4.6,M,Spring,v-neck,full,null,chiffon,null,null,0
709353440,cute,Average,4.7,L,Winter,o-neck,sleevless,chiffonfabric,null,lace,solid,0
1031230798,bohemian,Average,4.7,L,Automn,o-neck,sleevless,null,chiffon,null,solid,0
1225512606,cute,High,0,M,Winter,o-neck,threequarter,silk,chiffon,lace,patchwork,0
1158347154,Casual,Average,0,XL,Winter,o-neck,short,polyster,null,button,solid,0
976975672,Novelty,Average,4.9,L,Automn,o-neck,short,polyster,chiffon,null,print,1
520233308,Casual,Low,4.7,M,Automn,o-neck,full,cotton,null,null,solid,0
935827969,cute,Average,4.3,free,Summer,boat-neck,sleevless,null,null,null,null,1
1130624045,Sexy,Low,0,free,Automn,slash-neck,short,null,null,hollowout,solid,0
547555172,cute,Low,4.7,XL,Summer,o-neck,short,chiffonfabric,chiffon,bow,print,0
1083323104,Sexy,Low,4.5,L,Spring,o-neck,sleevless,null,null,lace,solid,0
955188745,Casual,Average,4.7,M,Automn,o-neck,sleevless,cotton,null,null,animal,1
1140306858,Casual,Average,0,L,Spring,boat-neck,sleevless,cotton,null,lace,solid,1
895807023,cute,Low,4.7,free,Summer,o-neck,sleevless,null,chiffon,null,print,1
818505402,Casual,Low,4.4,free,Summer,turndowncollor,sleevless,cotton,null,null,solid,0
897981100,Casual,Average,4.8,L,winter,v-neck,short,polyster,null,ruffles,solid,0
973481686,vintage,Average,4.3,free,winter,o-neck,short,chiffonfabric,chiffon,null,print,0
1021375534,cute,Low,4.5,L,Summer,o-neck,sleevless,cotton,chiffon,sashes,solid,1
549437715,Casual,Average,4.4,M,Summer,turndowncollor,sleevless,chiffonfabric,chiffon,null,solid,0
1097548715,vintage,Medium,0,S,Winter,turndowncollor,halfsleeve,cotton,broadcloth,null,plaid,0
578702321,Sexy,Low,4.7,free,Summer,turndowncollor,sleevless,cotton,null,null,solid,1
1155548915,vintage,High,0,L,Summer,o-neck,short,cotton,null,null,print,0
1199064757,Casual,Low,0,free,Spring,v-neck,threequarter,silk,null,lace,null,1
1078994436,Sexy,Average,0,S,Automn,slash-neck,short,null,null,lace,solid,0
949226757,Casual,Low,0,free,Spring,o-neck,short,null,null,hollowout,solid,0
832191944,cute,Medium,5,free,Winter,o-neck,sleevless,silk,null,lace,solid,1
869572905,Casual,Low,4.7,free,Summer,o-neck,sleevless,null,null,null,print,0
896048351,Sexy,Low,4.8,free,Spring,v-neck,sleevless,null,null,sequined,solid,1
854444464,Casual,Average,4.5,L,Winter,o-neck,short,cotton,null,bow,patchwork,0
1246749980,vintage,Average,0,S,Spring,o-neck,full,mix,chiffon,embroidary,print,0
849613634,Casual,Average,3.7,free,Automn,boat-neck,full,null,null,null,solid,1
1019768234,vintage,Average,4.8,L,Winter,o-neck,sleevless,cotton,null,null,patchwork,0
785830491,cute,Average,0,XL,Spring,boat-neck,full,cotton,worsted,applique,dot,1
832391864,Casual,Average,0,L,Winter,open,short,mix,poplin,applique,solid,1
1069595866,sexy,Medium,5,M,Winter,o-neck,sleevless,polyster,null,bow,solid,0
733715437,Brief,Average,4.9,free,Summer,slash-neck,sleevless,null,null,null,solid,0
828949946,Casual,High,4.9,S,Spring,o-neck,threequarter,null,null,null,dot,1
765264430,Brief,Average,4.6,free,Winter,o-neck,full,mix,null,sashes,solid,0
722020708,Casual,Low,4.5,free,Winter,o-neck,full,mix,worsted,applique,solid,0
980295760,Casual,Low,4.8,XL,Summer,o-neck,short,mix,chiffon,sashes,geometric,0
913978120,Sexy,Medium,4.6,L,Summer,o-neck,short,spandex,jersey,lace,solid,0
1051749304,work,Average,0,S,Automn,o-neck,sleevless,linen,null,null,patchwork,0
1206128856,Casual,Low,0,L,Winter,o-neck,sleevless,polyster,null,null,leopard,0
956453735,cute,Low,5,L,Winter,o-neck,threequarter,silk,chiffon,sashes,print,0
767971724,Brief,Average,4.3,M,Spring,o-neck,full,mix,worsted,sequined,patchwork,1
722565148,Sexy,Low,4.4,free,Automn,o-neck,full,cotton,null,null,leopard,0
1167448608,cute,Low,0,free,Summer,peterpan-collor,short,cotton,broadcloth,applique,print,0
549159213,Casual,Average,4.5,free,Summer,o-neck,short,cotton,null,null,solid,1
940918554,Sexy,Low,4.7,M,Winter,slash-neck,sleevless,nylon,null,sashes,solid,1
522776523,Casual,Low,4.7,free,Spring,o-neck,sleevless,cotton,chiffon,null,floral,0
658650071,Casual,Medium,4.8,M,Winter,peterpan-collor,short,polyster,chiffon,lace,patchwork,0
123456789,Sexy,Low,4.3,free,Winter,v-neck,sleevless,silk,worsted,lace,solid,1
1150052066,bohemian,Average,0,L,Winter,turndowncollor,full,mix,null,null,solid,0
929797706,Casual,Low,0,free,,o-neck,full,cotton,null,null,patchwork,0
886351969,cute,Medium,4.8,free,Spring,slash-neck,sleevless,polyster,chiffon,sashes,solid,1
1071947910,Sexy,Average,0,S,Automn,v-neck,sleevless,cotton,null,beading,solid,0
813753347,Casual,Low,4.6,S,Spring,o-neck,full,cotton,null,null,solid,1
733134203,vintage,Medium,4.7,free,Spring,turndowncollor,sleevless,mix,null,lace,solid,1
851256794,work,Low,4.7,free,Summer,o-neck,full,cotton,null,null,solid,0
751049573,cute,Average,4.8,M,Summer,o-neck,short,cotton,null,rivet,solid,0
882490248,cute,Average,0,M,Summer,o-neck,short,cotton,chiffon,null,print,0
541172235,Casual,Average,4.7,M,winter,o-neck,full,null,null,null,animal,0
727676110,Casual,Low,4.6,free,winter,o-neck,full,polyster,null,applique,solid,1
891631697,party,Average,5,free,Summer,v-neck,sleevless,null,null,null,null,0
1059306768,Casual,Average,0,free,Summer,v-neck,sleevless,cotton,chiffon,null,patchwork,0
764321904,Sexy,Average,5,L,winter,o-neck,threequarter,polyster,null,lace,geometric,0
902108125,Sexy,Average,4.8,free,Winter,o-neck,sleevless,polyster,null,embroidary,solid,0
874397327,Casual,Average,4.7,S,Summer,v-neck,short,cotton,null,null,dot,0
861698160,Casual,Average,4.1,M,Automn,v-neck,full,null,chiffon,sashes,null,1
981437831,Casual,Average,5,XL,Automn,o-neck,short,chiffonfabric,chiffon,null,null,0
1036456647,Sexy,Average,5,M,Summer,v-neck,sleevless,cotton,null,sequined,solid,1
951280194,work,Average,4.6,L,Summer,slash-neck,short,cotton,null,null,solid,0
747381880,vintage,Average,4.5,L,Automn,o-neck,sleevless,null,worsted,null,solid,0
1099363892,Casual,Average,0,M,Summer,o-neck,threequarter,nylon,broadcloth,null,solid,1
941333009,cute,Average,4.7,L,Summer,o-neck,sleevless,cotton,worsted,null,print,0
819651586,bohemian,Low,4.7,free,Winter,o-neck,short,nylon,null,sashes,print,0
1043590098,Casual,Low,5,free,Spring,slash-neck,sleevless,spandex,null,null,striped,1
1091666465,Casual,Average,5,M,Winter,o-neck,sleevless,null,chiffon,sashes,solid,1
771972560,work,Low,4.5,M,Winter,v-neck,threequarter,null,null,null,patchwork,0
756492184,Casual,Average,4.3,S,Spring,boat-neck,full,cotton,null,lace,patchwork,1
1097157656,Casual,Average,4.4,L,Automn,o-neck,halfsleeve,null,dobby,lace,animal,0
573923366,sexy,Low,4.3,M,Automn,open,short,lace,null,lace,print,0
756620535,Casual,Low,4.6,free,Summer,o-neck,full,cotton,worsted,lace,solid,1
765350508,Casual,Low,4.6,L,Winter,o-neck,full,cotton,null,null,null,0
968294356,Casual,Average,4.6,M,Spring,o-neck,sleevless,null,chiffon,sashes,solid,1
1017678811,Casual,Low,0,free,Automn,peterpan-collor,threequarter,null,null,null,null,0
1199765487,Casual,Average,0,S,Summer,o-neck,sleevless,cotton,null,null,solid,0
965817793,Casual,Low,4.8,free,Summer,o-neck,sleevless,cotton,null,null,print,1
1074432879,Casual,Average,5,S,Winter,o-neck,sleevless,polyster,chiffon,null,plaid,0
1132858821,Sexy,very-high,0,free,Winter,v-neck,sleevless,polyster,knitting,null,solid,0
905732124,Casual,Low,4.4,free,Summer,o-neck,sleevless,polyster,null,sashes,print,0
711045472,Casual,Average,4.8,M,Automn,v-neck,short,null,chiffon,embroidary,print,1
923983419,Casual,Average,5,free,Summer,v-neck,sleevless,modal,null,null,patchwork,0
733025646,Sexy,Low,4.8,M,Automn,v-neck,full,cotton,null,null,print,1
720099861,Casual,Average,4.6,free,Winter,v-neck,full,cotton,flannel,null,striped,0
923915314,Casual,Average,4.6,M,Winter,v-neck,full,chiffonfabric,chiffon,null,null,0
1077555214,Casual,Low,5,S,Spring,o-neck,sleevless,chiffonfabric,null,null,print,0
1216538883,cute,Average,0,M,Winter,o-neck,short,polyster,chiffon,sashes,solid,0
531254082,Casual,Low,4.8,free,Spring,o-neck,sleevless,chiffonfabric,chiffon,null,print,1
890279029,Casual,Average,4.6,M,Automn,o-neck,short,polyster,null,applique,dot,0
995964089,bohemian,Average,5,M,Spring,slash-neck,sleevless,null,chiffon,ruffles,solid,1
868453353,Casual,Low,4.9,free,winter,o-neck,sleevless,silk,null,sashes,print,1
1024954013,Casual,Average,4.7,L,Summer,o-neck,sleevless,silk,chiffon,beading,solid,0
685606338,Casual,Medium,4.6,M,winter,o-neck,full,cashmere,null,null,solid,1
877962269,Casual,Average,4.7,M,winter,v-neck,sleevless,polyster,chiffon,applique,print,0
995644296,Sexy,Average,4.7,M,winter,v-neck,sleevless,polyster,broadcloth,null,patchwork,0
1066273951,Casual,Average,3.5,M,winter,v-neck,short,null,null,null,solid,0
822176645,Casual,Average,4.8,M,winter,o-neck,threequarter,null,null,null,print,1
659466129,Casual,Average,0,M,winter,o-neck,full,cotton,jersey,feathers,solid,1
694493217,Casual,Low,4.6,M,Summer,o-neck,sleevless,cotton,null,sashes,striped,0
793162246,Casual,Average,4.7,L,Spring,v-neck,halfsleeve,null,broadcloth,null,print,1
817945281,Casual,Low,4.5,free,Summer,o-neck,full,cotton,null,button,solid,0
920902282,Casual,Average,4.7,M,Summer,o-neck,sleevless,polyster,null,null,character,0
727820291,Casual,Low,4.5,M,Winter,o-neck,short,chiffonfabric,chiffon,null,solid,0
1197211965,cute,Low,0,free,Summer,boat-neck,sleevless,cotton,null,null,print,0
682561447,party,very-high,5,M,Spring,slash-neck,sleevless,chiffonfabric,chiffon,flowers,null,1
999081623,Casual,Average,4.9,M,Automn,v-neck,sleevless,polyster,null,null,null,1
1108613896,party,very-high,0,L,Winter,v-neck,sleevless,polyster,tulle,beading,null,0
1054555186,party,very-high,0,M,Winter,v-neck,cap-sleeves,null,chiffon,lace,null,0
915238287,Casual,Low,4.4,M,Winter,v-neck,turndowncollor,cotton,null,null,null,1
1107279894,party,very-high,0,M,Spring,v-neck,threequater,lycra,sattin,applique,null,1
1163040038,party,High,0,M,Winter,Sweetheart,sleevless,null,null,pearls,null,0
1091877430,party,High,0,M,Spring,Sweetheart,sleevless,nylon,null,null,null,0
1053467336,party,Average,5,M,Winter,o-neck,capsleeves,polyster,null,lace,null,1
609889168,party,High,4.7,M,Winter,sweetheart,sleeveless,null,chiffon,flowers,null,0
662727740,party,,4.8,free,Winter,o-neck,sleevless,null,null,embroidary,null,1
1090993173,party,,4.5,L,Summer,,full,,,,,1
963684109,party,very-high,4.9,M,Spring,Sweetheart,sleeevless,null,chiffon,beading,null,1
619817668,party,High,4.6,M,winter,Sweetheart,sleevless,null,chiffon,null,null,0
1066740059,party,Average,5,M,Spring,Sweetheart,sleevless,polyster,null,null,null,1
732184480,party,very-high,4.8,L,Spring,Sweetheart,sleevless,microfiber,organza,beading,null,1
1044683061,party,very-high,0,M,Winter,Sweetheart,sleevless,polyster,chiffon,beading,null,1
579010251,party,High,4.6,L,Spring,slash-neck,sleevless,silk,chiffon,beading,null,0
751364623,party,Average,4.8,L,,Sweetheart,sleevless,null,null,pleat,null,1
898316819,party,Medium,4.6,S,Winter,Scoop,short,null,null,crystal,null,0
622667306,party,very-high,4.9,M,Spring,Sweetheart,sleevless,silk,chiffon,beading,null,1
809344968,party,Medium,4.8,S,Spring,v-neck,sleevless,null,null,null,null,1
754138176,party,very-high,4.2,L,Winter,v-neck,sleevless,null,null,lace,null,1
674192921,Casual,Low,4.4,free,Summer,o-neck,sleevless,null,null,null,null,1
726446177,party,very-high,4.1,M,Winter,Scoop,short,cotton,lace,applique,null,1
1193747589,party,very-high,0,M,Winter,o-neck,full,null,null,feathers,null,1
676827184,Casual,High,4.6,M,Summer,Sweetheart,sleevless,null,null,beading,null,1
619996560,party,Average,4.7,free,Winter,o-neck,sleevless,polyster,null,null,null,0
618420156,party,very-high,4.7,L,Winter,slash-neck,sleevless,viscos,chiffon,beading,null,1
689486739,party,very-high,4.5,M,Spring,v-neck,cap-sleeves,null,null,lace,null,1
751364614,party,Average,4.7,free,Spring,Sweetheart,sleevless,rayon,chiffon,beading,solid,1
825341937,party,High,4.8,M,Summer,Sweetheart,sleevless,null,sattin,null,null,1
736813752,party,High,4.6,M,Summer,slash-neck,sleevless,null,chiffon,null,null,1
636178374,party,Medium,4.7,M,Winter,o-neck,sleevless,cotton,chiffon,button,null,1
743485617,cute,Average,4.4,free,Spring,Sweetheart,sleevless,spandex,tulle,ruched,solid,1
933951149,party,Average,5,M,Spring,o-neck,sleevless,null,null,null,null,1
684561284,party,very-high,4.8,free,Spring,Sweetheart,sleevless,polyster,chiffon,beading,null,1
616295248,party,Medium,4.8,M,Spring,o-neck,sleevless,silk,chiffon,crystal,null,1
736076633,party,very-high,4.9,L,Spring,slash-neck,sleevless,null,chiffon,flowers,null,1
1108073621,party,Medium,0,free,Winter,v-neck,short,null,chiffon,lace,null,1
1053002876,work,Average,5,free,Winter,o-neck,half,microfiber,null,null,null,0
444282011,party,very-high,4.9,M,Spring,v-neck,sleevless,null,sattin,beading,null,1
949336768,Casual,High,5,free,Summer,v-neck,sleevless,nylon,null,null,null,1
961972778,Casual,very-high,0,small,Spring,o-neck,full,null,chiffon,applique,null,0
893088817,Casual,Medium,4.7,M,Spring,o-neck,sleevless,cotton,null,bow,null,1
952724683,party,Average,0,M,Spring,v-neck,sleevless,null,null,null,null,1
855037000,Casual,Average,4.4,free,Summer,slash-neck,sleevless,cotton,null,null,null,1
660016574,Casual,very-high,4.6,M,winter,o-neck,short,null,null,flowers,null,1
738079582,Casual,Low,4.4,free,winter,halter,sleevless,null,null,draped,null,1
861001391,party,High,4.5,M,winter,o-neck,sleevless,null,null,null,null,1
1099696103,Casual,Average,4.8,free,Summer,o-neck,sleevless,null,null,null,null,0
1044288976,Sexy,Average,5,M,Summer,o-neck,sleeveless,polyster,broadcloth,rivet,null,0
890848361,vintage,Average,4.9,free,Summer,o-neck,urndowncollor,null,null,null,null,0
929503394,vintage,Average,4.7,S,Summer,turndowncollor,short,cotton,null,null,null,0
1015249105,work,Average,4.9,M,Summer,sqare-collor,halfsleeve,polyster,sattin,sashes,null,0
707537639,Casual,Low,4.7,L,Spring,o-neck,short,chiffonfabric,chiffon,null,null,0
702984554,Casual,Average,4.8,L,Automn,o-neck,short,cashmere,null,null,null,0
1023830972,Casual,Average,0,S,Winter,slash-neck,halfsleeve,nylon,broadcloth,null,null,0
959052557,Casual,Average,4.2,S,Winter,v-neck,sleevless,other,chiffon,hollowout,patchwork,0
1246945687,Novelty,Average,0,free,Summer,o-neck,full,cotton,sattin,hollowout,solid,0
510519284,Casual,Low,4.3,free,Summer,backless,sleevless,chiffonfabric,chiffon,crystal,null,0
1079958917,Casual,Average,3.7,M,Summer,boat-neck,sleevless,linen,null,null,null,0
1024325244,Casual,Average,5,free,winter,o-neck,sleevless,polyster,broadcloth,lace,null,1
1104504876,cute,Low,0,free,Winter,o-neck,sleevless,null,chiffon,null,null,0
1010356223,vintage,Average,4.8,M,Summer,v-neck,full,rayon,poplin,null,null,1
908989488,bohemian,Average,0,free,Spring,o-neck,sleevless,rayon,chiffon,null,striped,1
822081627,Sexy,Average,4.5,M,Summer,bowneck,sleevless,cotton,chiffon,null,solid,0
1116072373,Novelty,Medium,4.2,M,Winter,o-neck,halfsleeve,polyster,chiffon,hollowout,animal,1
856139963,Casual,Low,5,free,Spring,v-neck,full,cotton,null,null,solid,1
1032982013,Casual,Average,5,L,Winter,o-neck,thressqatar,polyster,null,applique,solid,0
879756967,Casual,Low,4.8,M,Winter,v-neck,sleevless,polyster,null,null,print,0
912614690,bohemian,Low,5,free,Spring,o-neck,short,nylon,jersey,sashes,print,1
1072784739,Casual,Low,5,free,Spring,bowneck,sleevless,silk,chiffon,applique,print,0
945651303,Casual,Low,5,M,Spring,o-neck,sleeevless,chiffonfabric,chiffon,null,solid,1
858212832,cute,Average,4.3,M,Summer,NULL,NULL,cotton,chiffon,null,solid,0
1219677488,Novelty,Average,0,free,winter,o-neck,short,polyster,broadcloth,lace,null,1
886501087,cute,Low,0,L,Spring,o-neck,sleevless,null,null,null,null,1
944264938,Sexy,Low,4.8,free,Spring,slash-neck,sleevless,cotton,broadcloth,sequined,solid,0
918722829,Sexy,Low,4.8,free,Summer,slash-neck,sleevless,silk,null,lace,solid,0
750670078,Casual,Low,4.4,M,Winter,o-neck,sleevless,polyster,null,null,solid,0
1028061165,Casual,Average,4.5,M,Winter,o-neck,sleevless,polyster,chiffon,ruched,striped,0
699738864,Casual,Low,4.7,S,Summer,o-neck,full,cotton,null,null,patchwork,0
961230947,work,Average,4.9,M,Winter,slash-neck,short,polyster,broadcloth,ruffles,solid,0
849947393,cute,Medium,4.6,free,Spring,o-neck,short,chiffonfabric,null,hollowout,solid,1
857432541,Casual,Low,4.7,free,Spring,o-neck,halfsleeve,silk,chiffon,sashes,print,0
1088674674,Casual,Low,4.7,M,Winter,o-neck,full,polyster,chiffon,null,print,1
939250541,Casual,Average,4.8,M,Spring,o-neck,sleevless,cotton,chiffon,hollowout,print,0
432154321,Sexy,Low,4.8,L,Summer,o-neck,sleevless,cotton,null,null,solid,1
880692544,Casual,Average,4.7,XL,winter,v-neck,short,milksilk,null,null,print,0
958270190,Casual,Low,0,L,winter,v-neck,full,null,null,null,solid,0
732757918,Sexy,Average,4.7,M,Automn,slash-neck,sleevless,nylon,null,rivet,solid,0
898646576,Casual,Low,4.7,free,winter,o-neck,sleevless,null,null,null,null,1
950048509,Casual,High,0,L,winter,v-neck,full,polyster,null,null,solid,0
754316257,Casual,Low,4.7,L,Summer,o-neck,sleevless,silk,worsted,lace,patchwork,0
598523814,Casual,Average,4.7,free,Summer,v-neck,full,cotton,null,sashes,solid,0
774130360,Casual,Average,0,free,Winter,v-neck,full,cashmere,null,null,solid,1
555727400,Casual,Low,4.7,free,Summer,o-neck,capsleeves,chiffonfabric,chiffon,null,print,1
537463111,Casual,Average,4.7,M,Summer,o-neck,thressqatar,chiffonfabric,chiffon,ruched,solid,0
933864550,Sexy,Low,4.5,free,Summer,slash-neck,sleevless,polyster,Corduroy,null,null,0
944930838,vintage,Low,4,free,Summer,turndowncollor,short,cotton,wollen,hollowout,solid,0
901346821,Sexy,Low,4.7,free,Summer,v-neck,sleevless,null,null,null,null,0
818295153,bohemian,Low,5,free,Summer,o-neck,sleevless,cotton,broadcloth,tassel,print,1
943414146,Sexy,Average,4.5,S,Winter,v-neck,sleevless,polyster,null,null,null,0
234567890,cute,Average,4.7,M,Summer,o-neck,sleevless,chiffonfabric,null,sashes,splice,0
1190383536,vintage,Low,0,free,Summer,o-neck,sleevless,cotton,batik,null,print,1
869138763,Casual,Average,4.1,L,winter,o-neck,sleevless,polyster,null,null,null,1
977173764,Casual,Average,4.2,M,winter,v-neck,full,polyster,null,lace,patchwork,1
918331326,Brief,Average,4.8,free,winter,v-neck,halfsleeve,polyster,broadcloth,null,solid,0
955679920,Sexy,Average,4.8,S,Winter,v-neck,sleevless,polyster,chiffon,lace,solid,0
862814652,Casual,Average,4.7,L,Winter,o-neck,sleevless,polyster,chiffon,null,patchwork,0
799301728,vintage,Average,4.7,M,Summer,v-neck,short,rayon,null,beading,print,0
1039384371,Casual,Average,4.8,free,Summer,o-neck,sleevless,cotton,chiffon,sashes,solid,0
746518490,Sexy,Low,4.7,M,Winter,v-neck,sleevless,polyster,null,null,striped,0
720665176,Casual,Average,5,s,Spring,turndowncollor,full,cotton,worsted,null,solid,0
1001750851,Casual,Low,1,M,Spring,o-neck,halfsleeve,null,chiffon,null,null,0
882975367,Sexy,Average,4.1,free,Summer,v-neck,sleevless,cotton,null,lace,null,1
1069577979,Casual,Low,4,free,Summer,v-neck,sleevless,cotton,broadcloth,hollowout,print,0
1079373429,work,Average,4.7,M,Spring,v-neck,sleevless,null,null,null,null,1
711704151,cute,Average,4.6,free,Spring,v-neck,full,cotton,chiffon,null,solid,1
876761815,Casual,Low,5,M,Spring,o-neck,sleevless,spandex,jersey,null,print,0
1062354779,Casual,Average,4.7,M,Automn,v-neck,sleevless,null,chiffon,null,striped,1
845853510,Casual,Average,4.5,L,Summer,o-neck,short,cotton,jersey,pockets,solid,0
832090686,cute,Average,4.6,M,Automn,o-neck,thressqatar,silk,chiffon,sashes,print,0
839305476,Casual,Low,4.6,free,Automn,o-neck,halfsleeve,chiffonfabric,chiffon,null,leapord,1
855418066,Casual,Low,4.7,L,Summer,NULL,sleevless,cotton,null,null,solid,1
1211480431,Sexy,Low,0,L,Summer,o-neck,sleevless,sill,null,null,striped,0
946741571,bohemian,Average,4,free,Winter,o-neck,sleevless,polyster,chiffon,ruffles,striped,0
724177834,Casual,Low,4.7,free,Summer,o-neck,full,cotton,null,null,solid,1
975877364,work,Average,0,M,Summer,v-neck,sleevless,cotton,worsted,null,solid,1
851697194,bohemian,Average,4.1,free,Summer,o-neck,thressqatar,null,null,hollowout,null,0
1108356000,Casual,Average,0,M,Spring,o-neck,halfsleeve,null,null,lace,null,0
871219565,Brief,Low,4.6,M,Summer,o-neck,short,cotton,null,null,animal,0
1250787559,cute,Low,0,free,Spring,v-neck,sleevless,chiffonfabric,chiffon,null,null,1
942245416,Casual,Average,5,M,Spring,o-neck,thressqatar,spandex,null,null,null,0
900108476,Casual,Low,5,free,winter,o-neck,full,wool,null,applique,solid,0
1019672746,vintage,Average,4.5,L,winter,o-neck,short,null,null,sequined,patchwork,1
783980024,Casual,Average,4.5,free,Summer,o-neck,short,polyster,null,null,solid,0
970655043,bohemian,Low,4.4,L,Summer,bowneck,short,cotton,null,null,dot,0
1139064593,Casual,High,0,L,winter,v-neck,thressqatar,polyster,null,ruffles,solid,1
939389270,Casual,Average,4.8,free,winter,o-neck,sleevless,polyster,null,sashes,solid,0
859321875,Brief,Low,4.7,M,Winter,o-neck,full,cotton,null,null,patchwork,0
703395323,Casual,Medium,0,free,Winter,bowneck,full,cashmere,knitted,null,solid,1
966030991,party,Average,0,M,Summer,o-neck,full,cotton,null,null,patchwork,1
866405822,bohemian,Average,4.8,S,Summer,v-neck,short,cotton,null,null,solid,0
941564304,Sexy,Average,4.9,free,Summer,sqare-collor,sleevless,polyster,null,sashes,print,0
1119360745,Casual,Average,3,M,Spring,turndowncollor,short,polyster,null,sashes,patchwork,0
932375745,Casual,Low,4.7,L,Automn,o-neck,short,polyster,shiffon,null,patchwork,1
789373177,Casual,Average,4.3,M,Automn,o-neck,sleevless,polyster,null,plain,solid,0
1135456589,Casual,Average,0,XL,Winter,v-neck,short,polyster,shiffon,pockets,solid,1
932913675,Casual,Low,5,free,Summer,o-neck,sleevless,model,jersey,plain,solid,1
1217548862,vintage,Average,0,L,Summer,sqare-collor,short,cotton,chiffon,null,dot,1
755078866,Casual,Low,4.7,free,winter,o-neck,sleevless,milksilk,null,null,animal,0
1052420390,vintage,Average,5,M,Summer,v-neck,thressqatar,polyster,null,null,print,0
924108301,Casual,Low,4.7,L,Summer,o-neck,full,mix,worsted,lace,patchwork,1
675980168,bohemian,Average,4.6,M,Spring,o-neck,sleevless,shiffon,shiffon,sashes,solid,0
730603782,party,Average,4.8,M,Summer,o-neck,full,cotton,null,null,solid,1
934830377,bohemian,Low,4.6,free,Summer,v-neck,sleevless,cotton,broadcloth,beading,solid,0
689406468,party,very-high,4.6,free,Summer,o-neck,sleevless,rayon,null,hollowout,solid,0
870994067,cute,Low,4.8,M,Spring,o-neck,short,shiffon,shiffon,bow,dot,1
1016250560,vintage,Average,0,M,Spring,o-neck,halfsleeve,polyster,null,lace,animal,0
860334943,Casual,Medium,4.9,L,Winter,o-neck,short,cotton,broadcloth,sashes,solid,0
863336720,Casual,Average,4.2,free,Summer,o-neck,sleevless,cotton,worsted,null,striped,1
835915937,Casual,Average,4.9,M,Summer,o-neck,short,cotton,null,ruffles,patchwork,0
944641715,bohemian,Low,5,XL,Spring,v-neck,thressqatar,null,shiffon,null,print,1
869395176,Casual,Average,4.7,M,Summer,o-neck,sleevless,cotton,null,null,dot,0
1097435333,Casual,Average,0,free,Summer,bowneck,halfsleeve,cotton,null,null,null,0
1124120907,Casual,Average,0,free,Summer,o-neck,sleevless,cotton,null,lace,floral,0
1130463523,Sexy,Medium,0,free,winter,o-neck,sleevless,polyster,null,sequined,solid,0
560474456,Sexy,Low,4.4,free,Automn,v-neck,sleevless,cotton,worsted,lace,solid,0
907669618,Sexy,Average,0,free,Spring,v-neck,full,cotton,wollen,lace,solid,1
710089916,Brief,Average,4.9,XL,Spring,slash-neck,full,null,null,sashes,solid,0
1065317917,Casual,Average,0,free,Automn,v-neck,full,cotton,null,lace,solid,0
737461130,Casual,Average,4.8,M,Summer,v-neck,full,null,shiffon,null,null,0
663993130,Casual,Medium,4.9,L,Spring,sqare-collor,sleevless,null,null,null,print,0
933231033,party,Average,4.7,M,Spring,o-neck,halfsleeve,null,shiffon,null,patchwork,0
743417270,Sexy,Low,4.4,free,Summer,bowneck,sleevless,viscos,null,bow,solid,0
798898277,bohemian,Low,4.6,free,winter,o-neck,sleevless,polyster,null,null,patchwork,1
549401113,Casual,Low,4.6,free,Autumn,o-neck,full,rayon,null,lace,solid,1
857189807,Sexy,Low,4.5,free,Summer,o-neck,sleevless,cotton,null,sashes,solid,1
1055149353,Sexy,Low,0,free,winter,v-neck,NULL,cotton,null,lace,null,1
1199912555,Casual,Average,0,XL,Spring,bowneck,sleevless,mix,null,lace,solid,0
1249825438,Sexy,Average,0,free,Autumn,o-neck,full,polyster,sattin,hollowout,solid,0
967191118,Sexy,Low,4.8,free,Spring,v-neck,sleevless,null,null,null,striped,1
871620435,Brief,Low,4.7,free,Autumn,o-neck,sleevless,null,shiffon,sequined,solid,0
865490824,Sexy,High,5,M,Summer,v-neck,sleevless,mix,null,null,striped,0
1079955163,Casual,Average,4.6,L,Summer,bowneck,full,cotton,null,null,patchwork,0
600514129,cute,Medium,4.9,S,Summer,bowneck,sleevless,null,null,bow,patchwork,1
720087997,Casual,Low,4.3,free,Spring,o-neck,full,null,chiffon,sashes,none,1
699651184,Casual,Low,4.7,S,Autumn,o-neck,sleevless,cotton,null,null,solid,0
605122868,Casual,Average,4.8,L,Autumn,boat-neck,sleevless,null,null,sashes,solid,0
1000425584,cute,Average,4.5,L,winter,v-neck,sleevless,polyster,jersey,sashes,solid,1
345678901,Casual,Average,4.4,free,Summer,o-neck,capsleeves,cotton,null,null,solid,0
898316315,party,Average,0,M,Spring,o-neck,sleevless,null,chiffon,null,solid,1
1017484769,Sexy,Low,0,free,Summer,v-neck,sleevless,null,null,null,null,1
909624960,work,Average,5,M,Summer,o-neck,sleveless,null,null,null,solid,1
1086459983,Novelty,Average,5,free,Summer,o-neck,sleeveless,null,null,null,print,0
593007494,Casual,Low,4.6,free,Spring,v-neck,sleevless,silk,chiffon,draped,solid,0
660179663,Casual,Average,4.5,M,Summer,o-neck,full,cotton,null,lace,solid,0
751776863,Casual,Average,4.5,free,Autumn,o-neck,halfsleeve,cotton,chiffon,hollowout,solid,1
1253973206,cute,Low,0,M,Summer,boat-neck,short,null,chiffon,sashes,null,0
828790972,party,Average,4.9,M,winter,o-neck,halfsleeve,cotton,null,lace,null,1
933413410,Casual,Average,4.8,M,Summer,o-neck,halfsleeve,null,null,null,null,0
550959163,Casual,Low,4.4,L,Summer,o-neck,sleevless,cotton,chiffon,null,solid,0
933926000,Casual,Average,4.3,M,winter,slash-neck,sleeveless,polyster,null,sashes,solid,0
953168456,cute,Average,4.7,L,Summer,o-neck,sleevless,polyster,broadcloth,lace,solid,0
1124754999,Sexy,Average,0,S,Summer,v-neck,sleevless,null,null,null,null,1
832949213,Casual,Low,4.4,free,Summer,o-neck,sleevless,null,null,null,animal,0
801216472,cute,High,4.3,M,Spring,boat-neck,full,polyster,terry,lace,solid,1
929898500,work,Average,4.8,M,winter,turndowncollor,full,null,null,null,solid,0
850490510,Casual,Average,4.6,M,Spring,o-neck,halfsleeve,polyster,null,lace,solid,0
1099394392,Sexy,Low,0,free,Summer,v-neck,sleevless,cotton,null,null,solid,0
674885710,Casual,High,4.9,XL,winter,v-neck,full,cotton,null,sequined,solid,0
1122991519,Sexy,Low,0,free,winter,o-neck,sleevless,lycra,chiffon,hollowout,solid,0
904781800,cute,Average,5,M,Autumn,v-neck,sleevless,cotton,null,null,solid,0
974438263,cute,Low,0,free,Spring,v-neck,sleevless,silk,worsted,lace,patchwork,1
875608094,Casual,Low,4.4,free,Summer,o-neck,full,cotton,null,pockets,solid,0
1061890181,Casual,Average,0,L,Spring,o-neck,sleevless,chiffonfabric,chiffon,sequined,solid,0
1033144189,cute,Average,4.7,M,Spring,o-neck,full,rayon,chiffon,beading,solid,1
860406062,Casual,Average,4.6,M,winter,v-neck,halfsleeve,silk,chiffon,sashes,solid,1
692445545,Casual,Low,4.4,free,Summer,o-neck,full,cotton,null,null,solid,1
974775647,Casual,Low,5,M,Automn,o-neck,sleevless,null,chiffon,null,print,1
1109819647,Casual,Average,0,free,winter,o-neck,short,polyster,chiffon,cascading,solid,0
1223469038,Sexy,Average,0,free,winter,slash-neck,sleevless,cotton,broadcloth,sequined,solid,1
511503677,Casual,Low,4.4,M,Summer,o-neck,halfsleeve,chiffonfabric,chiffon,bow,solid,0
1190558632,cute,Average,0,L,Summer,o-neck,sleevless,cotton,null,lace,solid,1
641665398,Casual,Low,4.8,free,winter,bowneck,full,polyster,chiffon,bow,solid,0
964917582,Casual,Average,5,L,Summer,o-neck,sleevless,cotton,null,null,null,1
859922576,cute,Average,4.6,M,Spring,o-neck,halfsleeve,acrylic,chiffon,null,null,0
817353671,bohemian,Low,4.6,free,Summer,o-neck,sleevless,cotton,chiffon,none,solid,1
990559192,Brief,Average,4.7,M,winter,o-neck,halfsleeve,acrylic,chiffon,null,striped,0
713391965,Casual,Low,4.7,M,Spring,o-neck,full,polyster,null,null,solid,1
532874347,Casual,Average,4.7,M,Summer,v-neck,full,cotton,null,lace,solid,1
655464934,Casual,Average,4.6,L,winter,boat-neck,sleevless,silk,broadcloth,applique,print,1
919930954,Casual,Low,4.4,free,Summer,v-neck,short,cotton,Corduroy,lace,solid,0
